PRAGMA foreign_keys=OFF;
BEGIN TRANSACTION;
CREATE TABLE IF NOT EXISTS "django_migrations" ("id" integer NOT NULL PRIMARY KEY AUTOINCREMENT, "app" varchar(255) NOT NULL, "name" varchar(255) NOT NULL, "applied" datetime NOT NULL);
INSERT INTO django_migrations VALUES(1,'contenttypes','0001_initial','2025-07-24 16:58:09.151556');
INSERT INTO django_migrations VALUES(2,'auth','0001_initial','2025-07-24 16:58:09.212686');
INSERT INTO django_migrations VALUES(3,'admin','0001_initial','2025-07-24 16:58:09.266095');
INSERT INTO django_migrations VALUES(4,'admin','0002_logentry_remove_auto_add','2025-07-24 16:58:09.311847');
INSERT INTO django_migrations VALUES(5,'admin','0003_logentry_add_action_flag_choices','2025-07-24 16:58:09.340914');
INSERT INTO django_migrations VALUES(6,'contenttypes','0002_remove_content_type_name','2025-07-24 16:58:09.408545');
INSERT INTO django_migrations VALUES(7,'auth','0002_alter_permission_name_max_length','2025-07-24 16:58:09.442633');
INSERT INTO django_migrations VALUES(8,'auth','0003_alter_user_email_max_length','2025-07-24 16:58:09.473873');
INSERT INTO django_migrations VALUES(9,'auth','0004_alter_user_username_opts','2025-07-24 16:58:09.498741');
INSERT INTO django_migrations VALUES(10,'auth','0005_alter_user_last_login_null','2025-07-24 16:58:09.528448');
INSERT INTO django_migrations VALUES(11,'auth','0006_require_contenttypes_0002','2025-07-24 16:58:09.545914');
INSERT INTO django_migrations VALUES(12,'auth','0007_alter_validators_add_error_messages','2025-07-24 16:58:09.573233');
INSERT INTO django_migrations VALUES(13,'auth','0008_alter_user_username_max_length','2025-07-24 16:58:09.610112');
INSERT INTO django_migrations VALUES(14,'auth','0009_alter_user_last_name_max_length','2025-07-24 16:58:09.638687');
INSERT INTO django_migrations VALUES(15,'auth','0010_alter_group_name_max_length','2025-07-24 16:58:09.669483');
INSERT INTO django_migrations VALUES(16,'auth','0011_update_proxy_permissions','2025-07-24 16:58:09.693458');
INSERT INTO django_migrations VALUES(17,'auth','0012_alter_user_first_name_max_length','2025-07-24 16:58:09.730147');
INSERT INTO django_migrations VALUES(18,'sessions','0001_initial','2025-07-24 16:58:09.767125');
INSERT INTO django_migrations VALUES(19,'ledger','0001_initial','2025-07-24 17:06:48.368455');
INSERT INTO django_migrations VALUES(20,'ledger','0002_rename_date_transaction_date_miladi_and_more','2025-08-03 14:55:05.927730');
INSERT INTO django_migrations VALUES(21,'ledger','0003_item_sell_price','2025-08-07 11:52:34.460271');
INSERT INTO django_migrations VALUES(22,'ledger','0004_party_role','2025-08-08 19:17:22.369023');
CREATE TABLE IF NOT EXISTS "auth_group_permissions" ("id" integer NOT NULL PRIMARY KEY AUTOINCREMENT, "group_id" integer NOT NULL REFERENCES "auth_group" ("id") DEFERRABLE INITIALLY DEFERRED, "permission_id" integer NOT NULL REFERENCES "auth_permission" ("id") DEFERRABLE INITIALLY DEFERRED);
CREATE TABLE IF NOT EXISTS "auth_user_groups" ("id" integer NOT NULL PRIMARY KEY AUTOINCREMENT, "user_id" integer NOT NULL REFERENCES "auth_user" ("id") DEFERRABLE INITIALLY DEFERRED, "group_id" integer NOT NULL REFERENCES "auth_group" ("id") DEFERRABLE INITIALLY DEFERRED);
CREATE TABLE IF NOT EXISTS "auth_user_user_permissions" ("id" integer NOT NULL PRIMARY KEY AUTOINCREMENT, "user_id" integer NOT NULL REFERENCES "auth_user" ("id") DEFERRABLE INITIALLY DEFERRED, "permission_id" integer NOT NULL REFERENCES "auth_permission" ("id") DEFERRABLE INITIALLY DEFERRED);
CREATE TABLE IF NOT EXISTS "django_admin_log" ("id" integer NOT NULL PRIMARY KEY AUTOINCREMENT, "object_id" text NULL, "object_repr" varchar(200) NOT NULL, "action_flag" smallint unsigned NOT NULL CHECK ("action_flag" >= 0), "change_message" text NOT NULL, "content_type_id" integer NULL REFERENCES "django_content_type" ("id") DEFERRABLE INITIALLY DEFERRED, "user_id" integer NOT NULL REFERENCES "auth_user" ("id") DEFERRABLE INITIALLY DEFERRED, "action_time" datetime NOT NULL);
INSERT INTO django_admin_log VALUES(1,'5','شهرزاد ناخن - سالن',1,'[{"added": {}}]',10,1,'2025-08-06 21:34:01.510030');
INSERT INTO django_admin_log VALUES(2,'3','تیشرت سالسا سفید',2,'[{"changed": {"fields": ["\u0642\u06cc\u0645\u062a \u0641\u0631\u0648\u0634"]}}]',9,1,'2025-08-08 01:21:23.344087');
INSERT INTO django_admin_log VALUES(3,'2','عبدل آباد',2,'[{"changed": {"fields": ["Role"]}}]',10,1,'2025-08-08 19:30:32.370753');
INSERT INTO django_admin_log VALUES(4,'1','سرای ملی',2,'[{"changed": {"fields": ["Role"]}}]',10,1,'2025-08-08 19:30:40.781679');
CREATE TABLE IF NOT EXISTS "django_content_type" ("id" integer NOT NULL PRIMARY KEY AUTOINCREMENT, "app_label" varchar(100) NOT NULL, "model" varchar(100) NOT NULL);
INSERT INTO django_content_type VALUES(1,'admin','logentry');
INSERT INTO django_content_type VALUES(2,'auth','permission');
INSERT INTO django_content_type VALUES(3,'auth','group');
INSERT INTO django_content_type VALUES(4,'auth','user');
INSERT INTO django_content_type VALUES(5,'contenttypes','contenttype');
INSERT INTO django_content_type VALUES(6,'sessions','session');
INSERT INTO django_content_type VALUES(7,'ledger','transaction');
INSERT INTO django_content_type VALUES(8,'ledger','inventory');
INSERT INTO django_content_type VALUES(9,'ledger','item');
INSERT INTO django_content_type VALUES(10,'ledger','party');
CREATE TABLE IF NOT EXISTS "auth_permission" ("id" integer NOT NULL PRIMARY KEY AUTOINCREMENT, "content_type_id" integer NOT NULL REFERENCES "django_content_type" ("id") DEFERRABLE INITIALLY DEFERRED, "codename" varchar(100) NOT NULL, "name" varchar(255) NOT NULL);
INSERT INTO auth_permission VALUES(1,1,'add_logentry','Can add log entry');
INSERT INTO auth_permission VALUES(2,1,'change_logentry','Can change log entry');
INSERT INTO auth_permission VALUES(3,1,'delete_logentry','Can delete log entry');
INSERT INTO auth_permission VALUES(4,1,'view_logentry','Can view log entry');
INSERT INTO auth_permission VALUES(5,2,'add_permission','Can add permission');
INSERT INTO auth_permission VALUES(6,2,'change_permission','Can change permission');
INSERT INTO auth_permission VALUES(7,2,'delete_permission','Can delete permission');
INSERT INTO auth_permission VALUES(8,2,'view_permission','Can view permission');
INSERT INTO auth_permission VALUES(9,3,'add_group','Can add group');
INSERT INTO auth_permission VALUES(10,3,'change_group','Can change group');
INSERT INTO auth_permission VALUES(11,3,'delete_group','Can delete group');
INSERT INTO auth_permission VALUES(12,3,'view_group','Can view group');
INSERT INTO auth_permission VALUES(13,4,'add_user','Can add user');
INSERT INTO auth_permission VALUES(14,4,'change_user','Can change user');
INSERT INTO auth_permission VALUES(15,4,'delete_user','Can delete user');
INSERT INTO auth_permission VALUES(16,4,'view_user','Can view user');
INSERT INTO auth_permission VALUES(17,5,'add_contenttype','Can add content type');
INSERT INTO auth_permission VALUES(18,5,'change_contenttype','Can change content type');
INSERT INTO auth_permission VALUES(19,5,'delete_contenttype','Can delete content type');
INSERT INTO auth_permission VALUES(20,5,'view_contenttype','Can view content type');
INSERT INTO auth_permission VALUES(21,6,'add_session','Can add session');
INSERT INTO auth_permission VALUES(22,6,'change_session','Can change session');
INSERT INTO auth_permission VALUES(23,6,'delete_session','Can delete session');
INSERT INTO auth_permission VALUES(24,6,'view_session','Can view session');
INSERT INTO auth_permission VALUES(25,7,'add_transaction','Can add transaction');
INSERT INTO auth_permission VALUES(26,7,'change_transaction','Can change transaction');
INSERT INTO auth_permission VALUES(27,7,'delete_transaction','Can delete transaction');
INSERT INTO auth_permission VALUES(28,7,'view_transaction','Can view transaction');
INSERT INTO auth_permission VALUES(29,8,'add_inventory','Can add inventory');
INSERT INTO auth_permission VALUES(30,8,'change_inventory','Can change inventory');
INSERT INTO auth_permission VALUES(31,8,'delete_inventory','Can delete inventory');
INSERT INTO auth_permission VALUES(32,8,'view_inventory','Can view inventory');
INSERT INTO auth_permission VALUES(33,9,'add_item','Can add item');
INSERT INTO auth_permission VALUES(34,9,'change_item','Can change item');
INSERT INTO auth_permission VALUES(35,9,'delete_item','Can delete item');
INSERT INTO auth_permission VALUES(36,9,'view_item','Can view item');
INSERT INTO auth_permission VALUES(37,10,'add_party','Can add party');
INSERT INTO auth_permission VALUES(38,10,'change_party','Can change party');
INSERT INTO auth_permission VALUES(39,10,'delete_party','Can delete party');
INSERT INTO auth_permission VALUES(40,10,'view_party','Can view party');
CREATE TABLE IF NOT EXISTS "auth_group" ("id" integer NOT NULL PRIMARY KEY AUTOINCREMENT, "name" varchar(150) NOT NULL UNIQUE);
CREATE TABLE IF NOT EXISTS "auth_user" ("id" integer NOT NULL PRIMARY KEY AUTOINCREMENT, "password" varchar(128) NOT NULL, "last_login" datetime NULL, "is_superuser" bool NOT NULL, "username" varchar(150) NOT NULL UNIQUE, "last_name" varchar(150) NOT NULL, "email" varchar(254) NOT NULL, "is_staff" bool NOT NULL, "is_active" bool NOT NULL, "date_joined" datetime NOT NULL, "first_name" varchar(150) NOT NULL);
INSERT INTO auth_user VALUES(1,'pbkdf2_sha256$1000000$n0qyC5Wndma6zqVkif3lXp$fXY6P/BJMFX1Xd7HgtjRLf3vFxtzUmeVH4wDJW1lsvc=','2025-08-09 08:40:23.697011',1,'ameramiri','','amer.amiri@gmail.com',1,1,'2025-07-24 16:58:40.258668','');
CREATE TABLE IF NOT EXISTS "django_session" ("session_key" varchar(40) NOT NULL PRIMARY KEY, "session_data" text NOT NULL, "expire_date" datetime NOT NULL);
INSERT INTO django_session VALUES('feusx7w6cy66nq51fzu0qok0l7x4j2iz','.eJxVjEEOwiAQRe_C2pBCGaEu3XsGMsNMpWogKe3KeHdD0oVu_3vvv1XEfctxb7LGhdVFGXX63QjTU0oH_MByrzrVsq0L6a7ogzZ9qyyv6-H-HWRsudcYYGYQJBuIMLjgSUZG5LPM7LwdyDgvzgcAAxYswwDTaKwLdpwkqc8XCs831A:1ufAmL:9odVqLbspciUryB7-0xZXQVDsGHRB68eLnU-DWBEFxs','2025-08-08 05:15:33.365897');
INSERT INTO django_session VALUES('h5w98lcrjf7zpk582haoetd6lkmi85bl','.eJxVjEEOwiAQRe_C2pBCGaEu3XsGMsNMpWogKe3KeHdD0oVu_3vvv1XEfctxb7LGhdVFGXX63QjTU0oH_MByrzrVsq0L6a7ogzZ9qyyv6-H-HWRsudcYYGYQJBuIMLjgSUZG5LPM7LwdyDgvzgcAAxYswwDTaKwLdpwkqc8XCs831A:1ujIGN:nQA8gGHGi81aZvxNCdd7PbMgTVeF0qFVtvCxjOLG7G8','2025-08-19 17:33:35.251671');
INSERT INTO django_session VALUES('t9iwnwxl19zkyxup1roioa9s8zm5f261','.eJxVjEEOwiAQRe_C2pBCGaEu3XsGMsNMpWogKe3KeHdD0oVu_3vvv1XEfctxb7LGhdVFGXX63QjTU0oH_MByrzrVsq0L6a7ogzZ9qyyv6-H-HWRsudcYYGYQJBuIMLjgSUZG5LPM7LwdyDgvzgcAAxYswwDTaKwLdpwkqc8XCs831A:1ukbqZ:CJnXYfTeNZ__jwwTgm8NZME1WtfQDfLfH-L4nOW2VcY','2025-08-23 08:40:23.716860');
CREATE TABLE IF NOT EXISTS "ledger_item" ("id" integer NOT NULL PRIMARY KEY AUTOINCREMENT, "name" varchar(255) NOT NULL, "unit" varchar(50) NULL, "sell_price" decimal NULL);
INSERT INTO ledger_item VALUES(1,'تیشرت سالس','عدد',NULL);
INSERT INTO ledger_item VALUES(2,'دامن راه راه','عدد',NULL);
INSERT INTO ledger_item VALUES(3,'تیشرت سالسا سفید','عدد',780000);
INSERT INTO ledger_item VALUES(4,'شلوار اوشو بگ','عدد',1450000);
INSERT INTO ledger_item VALUES(5,'شومیز Perry','عدد',1400000);
CREATE TABLE IF NOT EXISTS "ledger_inventory" ("id" integer NOT NULL PRIMARY KEY AUTOINCREMENT, "qty" real NOT NULL, "item_id" bigint NOT NULL REFERENCES "ledger_item" ("id") DEFERRABLE INITIALLY DEFERRED);
INSERT INTO ledger_inventory VALUES(1,22.0,2);
INSERT INTO ledger_inventory VALUES(2,12.0,1);
INSERT INTO ledger_inventory VALUES(3,12.0,3);
INSERT INTO ledger_inventory VALUES(4,5.0,5);
CREATE TABLE IF NOT EXISTS "ledger_transaction" ("id" integer NOT NULL PRIMARY KEY AUTOINCREMENT, "op_type" varchar(50) NOT NULL, "qty" real NOT NULL, "unit_price" real NOT NULL, "total_price" real NOT NULL, "item_id" bigint NOT NULL REFERENCES "ledger_item" ("id") DEFERRABLE INITIALLY DEFERRED, "party_id" bigint NOT NULL REFERENCES "ledger_party" ("id") DEFERRABLE INITIALLY DEFERRED, "date_miladi" date NOT NULL, "date_shamsi" varchar(10) NOT NULL);
INSERT INTO ledger_transaction VALUES(1,'خرید',10.0,298000.0,2980000.0,3,2,'1403-05-02','0');
INSERT INTO ledger_transaction VALUES(2,'خرید',7.0,714284.99999999999999,5000000.0,2,1,'1403-05-02','0');
INSERT INTO ledger_transaction VALUES(3,'خرید',4.0,498000.0,1992000.0,2,3,'2024-07-23','0');
INSERT INTO ledger_transaction VALUES(4,'خرید',7.0,350000.0,2450000.0,2,3,'2025-08-03','1404/05/12');
INSERT INTO ledger_transaction VALUES(5,'فروش',2.0,550000.0,1100000.0,2,4,'2025-08-03','1404/05/12');
INSERT INTO ledger_transaction VALUES(6,'خرید',12.0,195000.0,2339999.9999999999999,1,1,'2025-04-07','1404/01/18');
INSERT INTO ledger_transaction VALUES(7,'خرید',12.0,295000.0,3539999.9999999999999,3,1,'2025-04-07','1404/01/18');
INSERT INTO ledger_transaction VALUES(8,'خرید',8.0,425000.0,3400000.0,2,2,'2025-04-07','1404/01/18');
INSERT INTO ledger_transaction VALUES(9,'فروش',1.0,750000.0,750000.0,2,3,'2025-04-21','1404/02/01');
INSERT INTO ledger_transaction VALUES(10,'خرید',10.0,434999.99999999999999,4349999.9999999999999,2,2,'2025-08-04','١۴٠۴/٠۵/١٣');
INSERT INTO ledger_transaction VALUES(11,'خرید',5.0,1399999.9999999999999,7000000.0,5,2,'2025-08-11','1404/05/20');
CREATE TABLE IF NOT EXISTS "ledger_party" ("id" integer NOT NULL PRIMARY KEY AUTOINCREMENT, "name" varchar(255) NOT NULL, "role" varchar(10) NOT NULL);
INSERT INTO ledger_party VALUES(1,'سرای ملی','seller');
INSERT INTO ledger_party VALUES(2,'عبدل آباد','seller');
INSERT INTO ledger_party VALUES(3,'مهناز','buyer');
INSERT INTO ledger_party VALUES(4,'هستی هنگامه','buyer');
INSERT INTO ledger_party VALUES(5,'شهرزاد ناخن - سالن','buyer');
INSERT INTO ledger_party VALUES(6,'متفرقه','buyer');
INSERT INTO ledger_party VALUES(7,'بازار','seller');
DELETE FROM sqlite_sequence;
INSERT INTO sqlite_sequence VALUES('django_migrations',22);
INSERT INTO sqlite_sequence VALUES('django_admin_log',4);
INSERT INTO sqlite_sequence VALUES('django_content_type',10);
INSERT INTO sqlite_sequence VALUES('auth_permission',40);
INSERT INTO sqlite_sequence VALUES('auth_group',0);
INSERT INTO sqlite_sequence VALUES('auth_user',1);
INSERT INTO sqlite_sequence VALUES('ledger_item',5);
INSERT INTO sqlite_sequence VALUES('ledger_transaction',11);
INSERT INTO sqlite_sequence VALUES('ledger_inventory',4);
INSERT INTO sqlite_sequence VALUES('ledger_party',7);
CREATE UNIQUE INDEX "auth_group_permissions_group_id_permission_id_0cd325b0_uniq" ON "auth_group_permissions" ("group_id", "permission_id");
CREATE INDEX "auth_group_permissions_group_id_b120cbf9" ON "auth_group_permissions" ("group_id");
CREATE INDEX "auth_group_permissions_permission_id_84c5c92e" ON "auth_group_permissions" ("permission_id");
CREATE UNIQUE INDEX "auth_user_groups_user_id_group_id_94350c0c_uniq" ON "auth_user_groups" ("user_id", "group_id");
CREATE INDEX "auth_user_groups_user_id_6a12ed8b" ON "auth_user_groups" ("user_id");
CREATE INDEX "auth_user_groups_group_id_97559544" ON "auth_user_groups" ("group_id");
CREATE UNIQUE INDEX "auth_user_user_permissions_user_id_permission_id_14a6b632_uniq" ON "auth_user_user_permissions" ("user_id", "permission_id");
CREATE INDEX "auth_user_user_permissions_user_id_a95ead1b" ON "auth_user_user_permissions" ("user_id");
CREATE INDEX "auth_user_user_permissions_permission_id_1fbb5f2c" ON "auth_user_user_permissions" ("permission_id");
CREATE INDEX "django_admin_log_content_type_id_c4bce8eb" ON "django_admin_log" ("content_type_id");
CREATE INDEX "django_admin_log_user_id_c564eba6" ON "django_admin_log" ("user_id");
CREATE UNIQUE INDEX "django_content_type_app_label_model_76bd3d3b_uniq" ON "django_content_type" ("app_label", "model");
CREATE UNIQUE INDEX "auth_permission_content_type_id_codename_01ab375a_uniq" ON "auth_permission" ("content_type_id", "codename");
CREATE INDEX "auth_permission_content_type_id_2f476e4b" ON "auth_permission" ("content_type_id");
CREATE INDEX "django_session_expire_date_a5c62663" ON "django_session" ("expire_date");
CREATE INDEX "ledger_inventory_item_id_d6e26c03" ON "ledger_inventory" ("item_id");
CREATE INDEX "ledger_transaction_item_id_b6f3f03c" ON "ledger_transaction" ("item_id");
CREATE INDEX "ledger_transaction_party_id_cf504d63" ON "ledger_transaction" ("party_id");
COMMIT;
